{
  "project_info": {
    "project_number": "184827239512",
    "firebase_url": "https://agrismart-165fe.firebaseio.com",
    "project_id": "agrismart-165fe",
    "storage_bucket": "agrismart-165fe.appspot.com"
  },
  "client": [
    {
      "client_info": {
        "mobilesdk_app_id": "1:184827239512:android:8c57a6cee9318aad",
        "android_client_info": {
          "package_name": "com.example.atif.agrismartapplication"
        }
      },
      "oauth_client": [
        {
          "client_id": "184827239512-0u5gqir8iq1ambrkjvr98s5k6n9jc9g9.apps.googleusercontent.com",
          "client_type": 1,
          "android_info": {
            "package_name": "com.example.atif.agrismartapplication",
            "certificate_hash": "2da40f87136da82c91214ea629b4c5504de7accc"
          }
        },
        {
          "client_id": "184827239512-2u32nqs16nj5m89c2bh62ufl8rmfeeg4.apps.googleusercontent.com",
          "client_type": 3
        }
      ],
      "api_key": [
        {
          "current_key": "AIzaSyC5cLHpyi1i4XLncs1kE7A7XF9gdDJ4fh4"
        }
      ],
      "services": {
        "appinvite_service": {
          "other_platform_oauth_client": [
            {
              "client_id": "184827239512-2u32nqs16nj5m89c2bh62ufl8rmfeeg4.apps.googleusercontent.com",
              "client_type": 3
            }
          ]
        }
      }
    }
  ],
  "configuration_version": "1"
}